ID,Org_ID,Holiday_Date,Holiday_Type
1,1,2026-01-01,National Holiday
14,1,2026-01-01,Restricted Holiday
2,1,2026-01-19,National Holiday
13,1,2026-01-19,Restricted Holiday
3,1,2026-02-16,National Holiday
4,1,2026-05-25,National Holiday
16,1,2026-05-25,Restricted Holiday
5,1,2026-06-19,National Holiday
15,1,2026-06-19,Restricted Holiday
6,1,2026-07-03,National Holiday
19,1,2026-07-03,Restricted Holiday
7,1,2026-07-04,National Holiday
8,1,2026-09-07,National Holiday
9,1,2026-10-12,National Holiday
17,1,2026-10-12,Restricted Holiday
10,1,2026-11-11,National Holiday
11,1,2026-11-26,National Holiday
20,1,2026-11-26,Restricted Holiday
12,1,2026-12-25,National Holiday
18,1,2026-12-25,Restricted Holiday
21,2,2026-01-01,National Holiday
40,2,2026-01-01,Restricted Holiday
22,2,2026-02-17,National Holiday
37,2,2026-02-17,Restricted Holiday
23,2,2026-02-18,National Holiday
24,2,2026-03-21,National Holiday
25,2,2026-04-03,National Holiday
26,2,2026-05-01,National Holiday
27,2,2026-05-27,National Holiday
39,2,2026-05-27,Restricted Holiday
28,2,2026-05-31,National Holiday
42,2,2026-05-31,Restricted Holiday
29,2,2026-06-01,National Holiday
36,2,2026-06-01,Restricted Holiday
30,2,2026-08-09,National Holiday
38,2,2026-08-09,Restricted Holiday
31,2,2026-08-10,National Holiday
32,2,2026-11-08,National Holiday
35,2,2026-11-08,Restricted Holiday
33,2,2026-11-09,National Holiday
41,2,2026-11-09,Restricted Holiday
34,2,2026-12-25,National Holiday
43,3,2026-01-01,National Holiday
69,3,2026-01-01,Restricted Holiday
44,3,2026-01-02,National Holiday
45,3,2026-01-10,National Holiday
46,3,2026-03-03,National Holiday
47,3,2026-04-06,National Holiday
48,3,2026-04-13,National Holiday
49,3,2026-04-14,National Holiday
50,3,2026-04-15,National Holiday
66,3,2026-04-15,Restricted Holiday
51,3,2026-05-01,National Holiday
52,3,2026-05-04,National Holiday
53,3,2026-05-31,National Holiday
54,3,2026-06-01,National Holiday
55,3,2026-06-03,National Holiday
56,3,2026-07-28,National Holiday
57,3,2026-07-29,National Holiday
58,3,2026-07-30,National Holiday
59,3,2026-08-12,National Holiday
67,3,2026-08-12,Restricted Holiday
60,3,2026-10-13,National Holiday
61,3,2026-10-23,National Holiday
62,3,2026-12-05,National Holiday
68,3,2026-12-05,Restricted Holiday
63,3,2026-12-07,National Holiday
64,3,2026-12-10,National Holiday
65,3,2026-12-31,National Holiday
70,4,2026-01-01,National Holiday
71,4,2026-01-19,National Holiday
72,4,2026-02-16,National Holiday
73,4,2026-05-25,National Holiday
82,4,2026-05-25,Restricted Holiday
74,4,2026-06-19,National Holiday
88,4,2026-06-19,Restricted Holiday
75,4,2026-07-03,National Holiday
76,4,2026-07-04,National Holiday
85,4,2026-07-04,Restricted Holiday
77,4,2026-09-07,National Holiday
87,4,2026-09-07,Restricted Holiday
78,4,2026-10-12,National Holiday
84,4,2026-10-12,Restricted Holiday
79,4,2026-11-11,National Holiday
80,4,2026-11-26,National Holiday
83,4,2026-11-26,Restricted Holiday
81,4,2026-12-25,National Holiday
86,4,2026-12-25,Restricted Holiday
89,5,2026-01-01,National Holiday
99,5,2026-01-01,Restricted Holiday
90,5,2026-04-03,National Holiday
91,5,2026-04-05,National Holiday
100,5,2026-04-05,Restricted Holiday
92,5,2026-04-06,National Holiday
93,5,2026-04-27,National Holiday
94,5,2026-05-14,National Holiday
95,5,2026-05-24,National Holiday
101,5,2026-05-24,Restricted Holiday
96,5,2026-05-25,National Holiday
103,5,2026-05-25,Restricted Holiday
97,5,2026-12-25,National Holiday
102,5,2026-12-25,Restricted Holiday
98,5,2026-12-26,National Holiday
104,6,2026-01-01,National Holiday
113,6,2026-01-01,Restricted Holiday
105,6,2026-04-03,National Holiday
111,6,2026-04-03,Restricted Holiday
106,6,2026-05-04,National Holiday
112,6,2026-05-04,Restricted Holiday
107,6,2026-05-25,National Holiday
108,6,2026-12-25,National Holiday
114,6,2026-12-25,Restricted Holiday
109,6,2026-12-26,National Holiday
110,6,2026-12-28,National Holiday
115,7,2026-01-26,National Holiday
116,7,2026-02-15,National Holiday
117,7,2026-03-21,National Holiday
118,7,2026-03-31,National Holiday
131,7,2026-03-31,Restricted Holiday
119,7,2026-04-03,National Holiday
136,7,2026-04-03,Restricted Holiday
120,7,2026-05-01,National Holiday
132,7,2026-05-01,Restricted Holiday
121,7,2026-05-28,National Holiday
122,7,2026-06-26,National Holiday
123,7,2026-08-15,National Holiday
124,7,2026-08-26,National Holiday
135,7,2026-08-26,Restricted Holiday
125,7,2026-09-04,National Holiday
126,7,2026-10-02,National Holiday
127,7,2026-10-20,National Holiday
128,7,2026-11-08,National Holiday
133,7,2026-11-08,Restricted Holiday
129,7,2026-11-24,National Holiday
134,7,2026-11-24,Restricted Holiday
130,7,2026-12-25,National Holiday
137,8,2026-01-01,National Holiday
138,8,2026-01-19,National Holiday
139,8,2026-02-16,National Holiday
140,8,2026-05-25,National Holiday
141,8,2026-06-19,National Holiday
142,8,2026-07-03,National Holiday
143,8,2026-07-04,National Holiday
144,8,2026-09-07,National Holiday
150,8,2026-09-07,Restricted Holiday
145,8,2026-10-12,National Holiday
151,8,2026-10-12,Restricted Holiday
146,8,2026-11-11,National Holiday
147,8,2026-11-26,National Holiday
148,8,2026-12-25,National Holiday
149,8,2026-12-25,Restricted Holiday
152,9,2026-01-01,National Holiday
153,9,2026-01-02,National Holiday
154,9,2026-01-10,National Holiday
176,9,2026-01-10,Restricted Holiday
155,9,2026-03-03,National Holiday
156,9,2026-04-06,National Holiday
157,9,2026-04-13,National Holiday
158,9,2026-04-14,National Holiday
159,9,2026-04-15,National Holiday
160,9,2026-05-01,National Holiday
161,9,2026-05-04,National Holiday
162,9,2026-05-31,National Holiday
163,9,2026-06-01,National Holiday
164,9,2026-06-03,National Holiday
175,9,2026-06-03,Restricted Holiday
165,9,2026-07-28,National Holiday
166,9,2026-07-29,National Holiday
167,9,2026-07-30,National Holiday
168,9,2026-08-12,National Holiday
169,9,2026-10-13,National Holiday
177,9,2026-10-13,Restricted Holiday
170,9,2026-10-23,National Holiday
171,9,2026-12-05,National Holiday
172,9,2026-12-07,National Holiday
173,9,2026-12-10,National Holiday
174,9,2026-12-31,National Holiday
178,10,2026-01-01,National Holiday
179,10,2026-04-03,National Holiday
180,10,2026-05-04,National Holiday
188,10,2026-05-04,Restricted Holiday
181,10,2026-05-25,National Holiday
189,10,2026-05-25,Restricted Holiday
182,10,2026-12-25,National Holiday
187,10,2026-12-25,Restricted Holiday
183,10,2026-12-26,National Holiday
186,10,2026-12-26,Restricted Holiday
184,10,2026-12-28,National Holiday
185,10,2026-12-28,Restricted Holiday
